,Nc_init,M_init,Nr_init,rtype_init,dtype_init,divide_init,nlin_init,total population_init,staticdif_init,EP_init,dif_init,Cell  Volume_max_init,Cell  Volume_min_init,Cell  Volume_ave_init,Cell  Volume_var_init,Total Chemicals_max_init,Total Chemicals_min_init,Total Chemicals_ave_init,Total Chemicals_var_init,Nc_last,M_last,Nr_last,rtype_last,dtype_last,divide_last,nlin_last,total population_last,staticdif_last,EP_last,dif_last,Cell  Volume_max_last,Cell  Volume_min_last,Cell  Volume_ave_last,Cell  Volume_var_last,Total Chemicals_max_last,Total Chemicals_min_last,Total Chemicals_ave_last,Total Chemicals_var_last
0,500,10,8,random,gradient,True,True,2786.8960514156797,0.05642855275616319,-1010.1003445860085,1010.1567731387647,8.30841721057081,2.9252703487816367,5.5737921028313595,0.8292550529949895,303.8464684181229,268.0339877615371,278.689605141568,88.70304621518162,500,10,8,random,gradient,True,True,2786.8960514156797,1.1789343602686131e-08,0.34005315140370296,-0.34005313961435935,474.7692570262209,474.76912861377264,474.76920374707856,1.0668857955387982e-09,2392.3269850604315,2344.055569282271,2373.846018735393,185.4770774030908
1,100,50,5,random,gradient,True,True,2632.9387810748567,0.35345896771203844,-157.32069026368765,157.6741492313997,30.847401851803898,21.401631234119044,26.329387810748567,3.6132278155314492,58.91000576113718,45.1428770232255,52.658775621497135,8.791395832225327,100,50,5,random,gradient,True,True,2632.9387810748567,1.3846789443050511e-08,0.8271667681989204,-0.8271667543521309,322.78526865773404,322.78522707914806,322.7852450944252,1.9689968473547447e-10,73.63376423549555,61.21944417174143,64.55704901888504,3.978641241937777
2,500,50,5,random,gradient,True,True,16381.00926245279,4.059410716592489,-15182.112433733382,15186.171844449975,38.63444788099855,27.072074341852197,32.76201852490558,3.9633423470284734,399.05938355772446,253.02119485561488,327.6201852490558,1656.6181325777939,500,50,5,random,gradient,True,True,16381.00926245279,3.555964740371564e-07,3.7328732446418154,-3.7328728890453413,2572.5229422045563,2572.5215692282786,2572.52229652666,1.0807104122570767e-07,2594.479758700659,2539.6725984002833,2572.52229652666,81.21368182187383
3,100,500,50,random,gradient,True,True,40286.94229355405,528.3134777557538,-36011.35760334375,36539.67108109951,421.13053009962215,385.78226378361967,402.86942293554057,43.968063284893056,115.30129938008419,47.425712028964874,80.57388458710811,309.26249745859695,100,500,50,random,gradient,True,True,40286.94229355405,7.17885559424758e-07,62.88456516092649,-62.88456444304093,6245.622723253092,6245.62187992128,6245.622281200366,6.405655051122897e-08,130.0578380071147,121.1912384569708,124.91244562400732,2.2373083414285713
4,200,10,8,random,gradient,True,True,1033.4681771303563,0.015507027000559788,-94.53609473737964,94.55160176438021,7.439469435393542,2.6533631762072343,5.167340885651781,0.9071279119423606,108.56209889320274,97.82540278175041,103.34681771303563,15.415921446093728,200,10,8,random,gradient,True,True,1033.4681771303563,8.163315379761116e-08,0.05600769359937789,-0.05600761196622409,175.54204553720874,175.53836830649595,175.54008773087494,1.2624978115745481e-06,375.4433349573637,336.87823303472373,351.0801754617499,124.56643424991725
5,200,10,5,random,gradient,True,True,1032.1173944950128,0.01587553612583099,-95.43316144391022,95.44903698003606,7.288705722819716,2.8824708062153066,5.160586972475064,0.8382161642935224,107.13637650128919,95.25629377353664,103.21173944950131,10.816432898672298,200,10,5,random,gradient,True,True,1032.1173944950128,2.2250454719596747e-07,0.09792655176920018,-0.09792632926465299,164.1825151613836,164.16949728441043,164.17491351659694,1.0174798069545426e-05,342.00656407837005,306.4645340799666,328.3498270331939,91.923462691613
6,100,500,400,random,gradient,True,True,42913.58277893537,603.938322768677,-44649.68274236495,45253.62106513363,441.3854659200348,415.8640655085267,429.13582778935375,36.24479226208289,123.13379811299312,47.05382510223221,85.82716555787076,415.50406437397345,100,500,400,random,gradient,True,True,42913.58277893537,5.020841490477324e-08,66.28954279711539,-66.28954274690697,7247.310470353119,7247.310445922631,7247.310457570952,4.83574340069592e-11,156.70178600145366,138.20288335641357,144.94620915141905,3.116102878868039
7,200,50,40,random,gradient,True,True,5661.727460220502,1.5962337703455651,-2199.101426109118,2200.6976598794636,33.498405419094176,22.53434117367555,28.308637301102504,4.075792521970304,128.4886589472186,94.69498826941373,113.23454920441002,65.63124146461404,200,50,40,random,gradient,True,True,5661.727460220502,1.465941668357118e-07,1.5210662737175584,-1.5210661271233916,1172.527294637048,1172.5268484410396,1172.5270508040314,1.947961260813606e-08,495.1925392164742,452.0997292699222,469.0108203216126,45.71735403807107
8,200,30,24,random,gradient,True,True,3276.436969122594,0.331028985540951,-732.7402788611694,733.0713078467103,21.349459515755974,11.925869438252883,16.38218484561297,2.7417520069076,119.15324786604117,98.98120218607721,109.2145656374198,27.921662556855217,200,30,24,random,gradient,True,True,3276.436969122594,1.3014127944188658e-08,0.5600839780097587,-0.5600839649956307,620.8484413496076,620.8483716346183,620.8484162296802,3.231471287635841e-10,447.4751226803373,398.00667087515575,413.8989441531201,116.80943553789858
9,400,100,50,random,gradient,True,True,28957.340135131173,21.756806635244278,-32430.06447348268,32451.82128011792,80.45867401485303,62.08903024676038,72.39335033782794,7.400564484667025,373.76381219816557,207.16446090039025,289.5734013513117,2190.073018266999,400,100,50,random,gradient,True,True,28957.340135131173,3.041758027393371e-07,11.493753477259201,-11.493753173083398,4046.435275920681,4046.4346476445753,4046.4348778673852,1.8868461250056433e-08,1640.9093480183096,1584.3494970853285,1618.5739511469542,86.2235062324278
10,200,100,80,random,gradient,True,True,12902.018700830842,12.442419345068716,-9265.656869421076,9278.099288766145,73.19661686685133,55.98384840781988,64.51009350415421,8.120828443928017,159.3021354759734,97.89797466901037,129.02018700830843,263.62970056584686,200,100,80,random,gradient,True,True,12902.018700830842,1.95973873269395e-06,5.480401631708437,-5.480399671969704,2649.4636871138036,2649.4536565175586,2649.4593384355244,5.7392507884068715e-06,538.1945559924079,515.6016472711306,529.8918676871049,16.22161490837798
11,500,100,50,random,gradient,True,True,40248.37858253532,30.901127629684073,-60670.11831292715,60701.01944055683,89.0449747993773,71.6739751796087,80.49675716507065,8.387020005878094,539.2399532571969,265.7832655868783,402.48378582535327,6260.936689336916,500,100,50,random,gradient,True,True,40248.37858253532,4.0391656511928884e-08,14.249914013284611,-14.249913972892955,5550.393468075354,5550.393395163188,5550.393431076399,1.8267928575248897e-10,2814.268815338346,2748.3252498652096,2775.1967155381994,121.25668105091705
12,500,30,24,random,gradient,True,True,9055.944407536472,0.983625060434284,-6013.509239400282,6014.492864460716,24.04649243884002,13.67242996636598,18.111888815072945,2.4199146915703036,360.3000795935869,249.29485569556235,301.86481358454904,626.8300851763305,500,30,24,random,gradient,True,True,9055.944407536472,1.5760469614178873e-07,1.5922697780465607,-1.5922696204418645,1517.775704167477,1517.7742944157922,1517.7750700668605,1.177287833560993e-07,2616.3977902876127,2499.73275134358,2529.6251167781006,491.85678744993254
13,100,30,3,random,gradient,True,True,1508.5634643615922,0.04723422841235606,-20.102432765440785,20.149666993853142,18.04793232735972,11.32127838386106,15.08563464361592,2.2870792443187375,57.255736482307114,45.384283440422834,50.28544881205306,8.250013854665685,100,30,3,random,gradient,True,True,1508.5634643615922,1.50258920257329e-08,0.3027191913838963,-0.30271917635800427,104.73467940392453,104.73456455299959,104.73459769535555,1.4503555697697897e-09,39.077055827564415,29.000324873317798,34.91153256511852,4.628601194537675
14,100,50,25,random,gradient,True,True,2586.5509938333807,0.42638695715864194,-203.60169593209446,204.0280828892531,30.49287587610994,21.552321922323507,25.865509938333805,3.4794698550128147,57.52718880319357,45.244709231145485,51.73101987666762,8.653030613521544,100,50,25,random,gradient,True,True,2586.5509938333807,6.810927061451366e-08,0.7648061333008198,-0.7648060651915491,371.9354285379701,371.93489160186044,371.93509716604575,2.8494548185073373e-08,78.36941715522046,61.46691498329352,74.38701943320916,8.118409278464398
15,400,30,15,random,gradient,True,True,6841.469703600713,0.6825266480728087,-3080.81325466687,3081.4957813149426,21.168608746488957,12.17344175411665,17.10367425900178,2.6707413759619953,259.18568784924423,198.79104219518672,228.04899012002377,141.08439622516235,400,30,15,random,gradient,True,True,6841.469703600713,1.3871728224330582e-06,1.1742348092932329,-1.1742334221204105,1041.1500123611602,1041.1265985458188,1041.1402541308773,4.404476053725373e-05,1495.0285216588481,1362.8205438190357,1388.1870055078364,665.5271099054469
16,400,50,5,random,gradient,True,True,12193.975602593786,2.6959778692018026,-7598.9574866544435,7601.653464523645,36.78497743205728,25.17348552886527,30.484939006484467,4.066019745279386,283.6390599064326,205.78048309572299,243.8795120518757,434.3290289826173,400,50,5,random,gradient,True,True,12193.975602593786,3.7802276838192485e-06,3.0845622818651997,-3.084558501637516,1819.3829413256365,1819.328679569292,1819.3515623446324,0.00017295026500623652,1470.5989215662596,1411.8586570650443,1455.481249875706,103.38130791780475
17,500,500,250,random,gradient,True,True,495421.48529056297,3186.3011075687505,-1440473.3388277632,1443659.639935332,1010.5525151237531,973.5222852112238,990.8429705811261,42.78524972770493,1716.8556734071574,258.12055461803345,990.8429705811261,176171.69844335917,500,500,250,random,gradient,True,True,495421.48529056297,8.959886617958546e-07,314.48077253695914,-314.4807716409705,29263.27300477467,29263.272731901954,29263.272886550014,4.623572341310964e-09,2960.1636346049786,2861.5161975214232,2926.327288655001,79.89617794687082
18,100,10,8,random,gradient,True,True,489.62551168305515,0.0019215429220570286,-1.1598061685698726,1.1617277114919295,6.723826209699987,2.5144133933143245,4.8962551168305515,0.8977394497334522,51.80017101396247,45.77946225605108,48.96255116830551,4.650883029196533,100,10,8,random,gradient,True,True,489.62551168305515,1.0320515548301046e-07,0.4818415906830973,-0.4818414874779418,25.853583825396818,25.850641526113545,25.851897214637233,3.395677494571037e-07,326.1506759588737,181.42563779584725,258.5189721463724,2705.3680305693106
19,400,100,10,random,gradient,True,True,28730.166848939043,21.226615309069995,-31375.279603879346,31396.506219188417,83.65618552258063,62.49363631651612,71.8254171223476,8.21114306370312,379.8477962822,214.49248414234563,287.30166848939047,1983.4378070820096,400,100,10,random,gradient,True,True,28730.166848939043,1.1798861669376492e-07,11.75456973253672,-11.754569614548103,3951.815852861402,3951.8155846523946,3951.8157148407795,4.416741894135454e-09,1592.8417022258077,1567.9672149660698,1580.7262859363118,38.35371897844754
20,200,500,250,random,gradient,True,True,121486.81809730735,1356.4573550904545,-227681.0171769087,229037.47453199915,623.1862124837435,586.4586481549889,607.4340904865368,39.27545671852575,387.7910811443215,99.07150609742185,242.9736361946147,6581.908889426062,200,500,250,random,gradient,True,True,121486.81809730735,4.7436321619898084e-07,128.29351218764072,-128.2935117132775,14248.077933181019,14248.077702028746,14248.077836389466,4.006883652385602e-09,579.1924645892775,536.490361072624,569.9231134555786,13.369440371223293
21,100,500,250,random,gradient,True,True,41610.636340276404,567.8811729077478,-40382.42137614245,40950.3025490502,433.11616617139407,398.50723767265936,416.10636340276403,38.39760641262851,121.49641275270952,49.354902391895266,83.2212726805528,362.7654299676195,100,500,250,random,gradient,True,True,41610.636340276404,4.090307164005935e-06,63.96449859587386,-63.9644945055667,6749.607271088202,6749.600869625627,6749.604240779818,3.63299826920605e-06,138.73115323563147,129.46321836695716,134.99208481559637,2.4743350416578975
22,500,50,40,random,gradient,True,True,16480.30649361026,4.190065134307177,-15811.192270611076,15815.382335745384,38.613682995033095,26.188921130675507,32.96061298722052,4.429522741569532,420.28221519123235,248.96786473817838,329.60612987220514,1719.11631462329,500,50,40,random,gradient,True,True,16480.30649361026,8.253542982856743e-07,3.81418962925949,-3.814188803905192,2678.1503074261823,2678.14554241224,2678.147766137059,1.3520394632891686e-06,2703.3451699666757,2625.751584670239,2678.147766137059,212.11130142079946
23,400,10,8,random,gradient,True,True,2167.856264847041,0.04250588107098804,-561.705488892382,561.747994773453,8.043941096791992,2.855284341525757,5.419640662117603,0.8451676374319844,224.0111872554637,207.1162524805856,216.78562648470415,29.064014594299323,400,10,8,random,gradient,True,True,2167.856264847041,4.019362847884622e-09,0.19989504045213125,-0.1998950364327684,324.92819912633576,324.92810980591884,324.9281478789111,4.750898110856199e-10,1319.5016978619365,1288.9037365661304,1299.7125915156444,83.38937214009273
24,200,30,3,random,gradient,True,True,3175.551959846348,0.29596708565681545,-614.8050093350746,615.1009764207314,21.416930614655104,12.39330881249137,15.877759799231738,2.269209676669821,115.11578553008846,96.79814674434736,105.85173199487825,19.058799043819704,200,30,3,random,gradient,True,True,3175.551959846348,2.2141826866572957e-07,0.588427340164733,-0.5884271187464643,556.2075933827757,556.2057257995024,556.2068961136895,2.4525360420789015e-07,379.5355023415443,364.5803213873173,370.8045974091263,16.35653686702472
25,200,500,400,random,gradient,True,True,124132.23085886695,1390.0540767015643,-237741.0343436071,239131.0884203087,636.6243107022074,603.944238538696,620.6611542943347,46.38427812425687,396.8962987861181,101.52913062672775,248.26446171773387,6983.68423309615,200,500,400,random,gradient,True,True,124132.23085886695,6.468900246545673e-07,127.26748913136879,-127.26748848447876,14739.885428307056,14739.88523209859,14739.885339360639,3.931058072345812e-09,604.289008750943,579.0459178697705,589.5954135744256,11.241003511639827
26,100,100,80,random,gradient,True,True,5595.26022487085,4.706542833862761,-1446.921841689765,1451.6283845236278,63.1409078089698,48.88934636053401,55.952602248708494,8.083818489925552,64.3431535927883,45.66089793258529,55.952602248708494,17.024622698509276,100,100,80,random,gradient,True,True,5595.26022487085,1.488172019890044e-07,2.9675683561191355,-2.9675682073019334,1148.397243976252,1148.396678983522,1148.3968775283097,2.4223831306901687e-08,120.41270939590572,106.91797847132344,114.83968775283095,5.84629205914162
27,400,50,25,random,gradient,True,True,12191.37628198732,2.8390400782438356,-7985.1840854705515,7988.023125548795,36.20696108082635,23.92157585148517,30.478440704968303,3.7597143060658826,275.93891228876953,206.78011718598623,243.8275256397464,435.92691123489715,400,50,25,random,gradient,True,True,12191.37628198732,1.7329584807157518e-07,3.001395720695173,-3.001395547399325,1871.9534113080565,1871.95264404405,1871.9530513848977,2.927703117237145e-08,1557.488447555336,1464.7259935654322,1497.5624411079182,192.7740899737942
28,200,100,10,random,gradient,True,True,12581.27548403355,11.486290704198284,-8246.05141119605,8257.537701900248,69.66431153599031,55.85603416250732,62.90637742016774,8.307164817946605,158.30761803963313,97.41276609117435,125.8127548403355,209.0754834193866,200,100,10,random,gradient,True,True,12581.27548403355,7.164313756220509e-07,5.692233704100346,-5.69223298766897,2448.997749253842,2448.994654470212,2448.9960852015643,5.000177688910761e-07,496.0601267521237,479.96369123445754,489.7992170403129,8.787927135940405
29,500,50,25,random,gradient,True,True,16400.896520642975,4.124216739465168,-15457.231442876237,15461.355659615701,38.82887663913459,25.64457877034116,32.80179304128595,4.390608014423728,403.58412926837286,258.11723476333196,328.0179304128595,1538.7147899801928,500,50,25,random,gradient,True,True,16400.896520642975,1.26356251166726e-06,4.212255995593134,-4.2122547320306225,2623.776286061563,2623.766885693492,2623.7707012865576,6.072253102746699e-06,2664.045002700949,2545.9545000644803,2623.770701286558,336.0300401964149
30,100,30,24,random,gradient,True,True,1528.2803022376816,0.07416276954423984,-46.8480159251702,46.92217869471444,18.52122225500524,11.188992089580474,15.282803022376815,2.61741501612564,56.465096022786966,44.55743684289438,50.942676741256044,6.195389124885246,100,30,24,random,gradient,True,True,1528.2803022376816,7.31864333829435e-08,0.33618551852970296,-0.3361854453432696,165.56907588100688,165.56753411491985,165.56851052385176,2.5107044578001137e-07,65.77161973606066,44.557359091817794,55.18950350795058,23.5391934268369
31,500,30,3,random,gradient,True,True,9043.149044923557,0.942121223603679,-5733.268967990988,5734.211089214592,22.992440457282246,13.788293426463099,18.086298089847116,2.445474119378315,338.0381041909995,262.23096806780677,301.4383014974519,518.8093027881133,500,30,3,random,gradient,True,True,9043.149044923557,6.893567115184851e-08,1.5728527838396682,-1.572852714903997,1451.693551439849,1451.6931232844706,1451.693341121002,1.3080302948632781e-08,2431.522491807948,2381.5776904802483,2419.488901868337,114.56009931462317
32,500,30,15,random,gradient,True,True,8953.072277231011,0.9648361335556874,-5811.40777330451,5812.372609438065,22.40509194101547,13.221936278812963,17.906144554462024,2.304210245322979,333.96638877770096,266.4268335440791,298.4357425743671,355.6943434596175,500,30,15,random,gradient,True,True,8953.072277231011,2.8402901534718696e-08,1.5589662570717382,-1.5589662286688366,1482.5864411884834,1482.5863108312897,1482.5863756405379,9.43594816092754e-10,2497.7118175180517,2405.353502041954,2470.97729273423,410.79461001895464
33,200,100,50,random,gradient,True,True,12806.228437299542,11.840567037594854,-8726.68915136982,8738.529718407413,71.93845541244028,54.067536062185724,64.0311421864977,7.775938386056247,156.2319571311185,98.710209543752,128.0622843729954,220.15764460471598,200,100,50,random,gradient,True,True,12806.228437299542,1.2873793821199798e-07,5.631121741328635,-5.631121612590697,2552.4455215514245,2552.4452339872546,2552.4453493872256,4.6718971945521115e-09,533.0700158896452,499.3007589790945,510.48906987744516,25.656983446144913
34,100,30,15,random,gradient,True,True,1538.8047094518452,0.062097749632792784,-34.03078650989387,34.09288425952666,18.84454091084742,11.746326996943738,15.388047094518452,2.3732669807761844,55.91260028169357,44.111670711733844,51.293490315061504,7.090914186672243,100,30,15,random,gradient,True,True,1538.8047094518452,3.3577652629901424e-08,0.32806041451012,-0.3280603809324674,137.2706784659285,137.26977715538604,137.2701458443091,8.03291232128828e-08,56.200026998885264,37.56041330578533,45.75671528143637,12.87829657310056
35,500,500,50,random,gradient,True,True,489524.5252531984,3135.985929363858,-1410274.516989672,1413410.502919036,997.3531436033638,960.8808180866486,979.049050506397,35.28256060229293,1703.1151087510875,263.64253927299796,979.0490505063971,170062.16231820182,500,500,50,random,gradient,True,True,489524.5252531984,7.201709086075426e-07,318.41614060928805,-318.4161398891171,28749.815984818968,28749.815728289446,28749.815849188184,3.6274010434377264e-09,2890.5595173922147,2854.494538580754,2874.981584918819,60.214412988548034
36,200,10,1,random,gradient,True,True,1039.528190874328,0.015625576234240157,-91.43431992844552,91.44994550467976,7.8200121604734285,2.2377969445616284,5.19764095437164,0.7994561050462163,109.70460510135814,95.60122830176242,103.95281908743279,15.436228335542543,200,10,1,random,gradient,True,True,1039.528190874328,1.0954218623737688e-08,0.12968552999381613,-0.12968551903959752,153.4426046015363,153.44232437527495,153.44243744597586,5.957348989929448e-09,315.0623516880726,296.5808903012677,306.8848748919517,22.514117829769418
37,100,100,10,random,gradient,True,True,5493.630869373829,3.8425421557646917,-1071.6992233545095,1075.5417655102742,61.94750651642981,47.76364360716813,54.93630869373829,8.406147785356067,63.735083410294614,46.200604800905985,54.93630869373829,13.949521428031785,100,100,10,random,gradient,True,True,5493.630869373829,3.0643985519418494e-07,2.751601363530506,-2.751601057090651,944.6099125862796,944.6087040898176,944.6092502595995,1.6442809520378392e-07,99.78358197588463,89.3522362315031,94.46092502595995,2.678729243464745
38,200,30,15,random,gradient,True,True,3239.9924448168576,0.3324069764375281,-714.4572908914658,714.7896978679033,20.351700892272603,12.168349565235705,16.199962224084288,2.447072901123177,119.57849992274512,93.08126654743704,107.99974816056192,31.649906366570985,200,30,15,random,gradient,True,True,3239.9924448168576,6.187947565194919e-08,0.6392361129215953,-0.6392360510421197,585.0637179845779,585.0632456989576,585.06348291885,1.660404127493128e-08,404.3321020357934,374.99946790303676,390.0423219459,42.80388123212597
39,100,50,40,random,gradient,True,True,2594.3778572674346,0.4728763946710751,-242.2259898075055,242.69886620217656,30.652813963088164,20.167623103885038,25.943778572674344,3.7647219344628287,58.88493074668816,46.028973909706835,51.88755714534869,6.359273336780293,100,50,40,random,gradient,True,True,2594.3778572674346,8.270805119536818e-08,0.834296775087777,-0.8342966923797258,422.36508981378057,422.36471419614986,422.36487618578906,1.647793529698888e-08,91.88183147817911,73.84539868300139,84.47297523715781,10.439127693288686
40,400,30,3,random,gradient,True,True,6764.429601224043,0.6262511753569706,-2797.696531446747,2798.322782622104,21.117270346987294,10.746151842263966,16.911074003060108,2.329870044742324,255.62696477813373,195.00176476575842,225.48098670746808,215.70907167784617,400,30,3,random,gradient,True,True,6764.429601224043,6.372901857503166e-07,1.1324278398924346,-1.1324272026022488,1003.6131778363808,1003.6042569710434,1003.6089824969558,5.047227170383421e-06,1350.5949382437964,1282.7570315670634,1338.1453099959413,162.14497038171362
41,200,50,25,random,gradient,True,True,5662.7035052347655,1.4599843258843794,-2001.3744098786149,2002.8343942044992,32.48798626112647,23.268236323820233,28.313517526173825,3.6502181188881897,130.40558944781526,95.59146338264533,113.2540701046953,58.86227698103987,200,50,25,random,gradient,True,True,5662.7035052347655,2.1356952220230597e-07,1.6610358996462133,-1.661035686076691,1123.8248626044467,1123.8236979002054,1123.824192659151,1.1110505159749185e-07,457.7027647796932,438.6731670282823,449.5296770636604,17.486704250364088
42,400,500,50,random,gradient,True,True,314712.2058365085,2284.7107855313216,-767083.343359351,769368.0541448824,804.2921243511294,767.5072376783671,786.7805145912712,36.385550551451004,1066.897040653348,199.24905568581963,629.424411673017,59176.169481591285,400,500,50,random,gradient,True,True,314712.2058365085,2.837905893102288e-06,261.14571555783823,-261.14571271993236,21254.073516450517,21254.072003799447,21254.072851737015,1.9944407665237922e-07,1715.5863445032765,1679.0784810076002,1700.3258281389612,35.72869379219417
43,200,50,5,random,gradient,True,True,5659.59411403698,1.432124093985505,-1937.9610697081957,1939.3931938021813,34.36866179434951,22.36999589370785,28.29797057018489,4.510077811808975,126.94947310762717,96.5672418500935,113.19188228073956,53.219590568599365,200,50,5,random,gradient,True,True,5659.59411403698,2.16555640236038e-06,1.4957711746241067,-1.4957690090677043,1076.424871928599,1076.391188946905,1076.4099254970681,8.330734223729273e-05,439.7690704879489,422.06503422348635,430.5639701988273,12.67160481816978
44,400,10,5,random,gradient,True,True,2154.620458185858,0.03940784043425936,-517.1648759549541,517.2042837953884,8.001709535932434,2.755672437555336,5.386551145464645,0.8476937244914494,225.92633149956282,198.2546188108811,215.46204581858578,84.5125883777334,400,10,5,random,gradient,True,True,2154.620458185858,1.4444386010836752e-08,0.0992917974192064,-0.0992917829748204,317.937307965186,317.9369314007915,317.93711077414224,6.155524788325012e-09,1360.667565634921,1229.920737721282,1271.7484430965692,1368.6752759603717
45,500,10,1,random,gradient,True,True,2731.0496146162077,0.05423085271144919,-944.6348628547962,944.6890937075077,7.836349210310776,2.80268033830101,5.462099229232416,0.8015586629827465,282.88393183162003,255.82978997158753,273.10496146162086,91.54186069821561,500,10,1,random,gradient,True,True,2731.0496146162077,2.689910382969174e-08,0.2692093940106426,-0.26920936711153876,454.9478046547204,454.947316879989,454.9475959657794,1.1607403044600345e-08,2295.1961307128468,2253.824129724919,2274.737979828897,140.31754134655043
46,500,10,5,random,gradient,True,True,2738.8388507714467,0.050815064838485004,-893.9105976667157,893.9614127315542,8.266544876265517,2.752948322158456,5.477677701542893,0.8349609502173172,289.76442355222025,256.96598476820805,273.88388507714467,119.71950602257738,500,10,5,random,gradient,True,True,2738.8388507714467,1.3227136383875405e-07,0.19811415236129087,-0.19811402008992704,468.13448396331495,468.1312283487813,468.133084817406,6.241283286878797e-07,2396.8793453879803,2299.696614563278,2340.66542408703,870.315181245045
47,200,500,50,random,gradient,True,True,119016.31302275781,1306.5658802330465,-216607.3462433411,217913.91212357415,613.3617847614382,575.8836253492078,595.081565113789,38.38256802785983,374.791213957901,100.0997071707484,238.0326260455156,6102.057410484128,200,500,50,random,gradient,True,True,119016.31302275781,6.239529582671821e-06,130.0923714141049,-130.09236517457532,13744.830368081195,13744.825091729197,13744.827475804756,2.238172807914055e-06,559.7049477018556,542.740372625624,549.7930990321902,8.452879578326185
48,100,10,5,random,gradient,True,True,501.62207713516307,0.0009617384588865434,0.3269832975406288,-0.3260215590817423,6.946370332417452,2.5495823454656676,5.016220771351631,0.8143451109665906,55.379795102731656,44.74091750334398,50.1622077135163,8.172836713423846,100,10,5,random,gradient,True,True,501.62207713516307,5.467738503739383e-09,0.8613392073774094,-0.861339201909671,15.573398410105153,15.573290225669263,15.573343914367557,4.931918657956233e-10,209.12176617409736,108.46301558438431,155.73343914367558,1127.8898218999657
49,100,100,50,random,gradient,True,True,5471.961818365809,4.3244752853959945,-1249.9599902989219,1254.2844655843178,62.497367116069064,48.72227442985873,54.71961818365809,8.132554169649392,63.17628612370111,41.363505825292954,54.71961818365809,19.798990128189633,100,100,50,random,gradient,True,True,5471.961818365809,9.990706530516035e-08,2.8702199774993433,-2.870219877592278,1053.6410574765177,1053.6408566195626,1053.6409662240128,4.139321540866454e-09,114.34558854043293,99.67930802297641,105.36409662240128,5.476762951157034
50,400,500,250,random,gradient,True,True,319749.6353892251,2331.575800536922,-789962.1048348987,792293.6806354356,815.3060156997924,782.7619337545659,799.3740884730627,36.93617055434527,1078.5798453593566,200.01181558979755,639.4992707784502,61527.440789700355,400,500,250,random,gradient,True,True,319749.6353892251,2.9396965401247143e-06,263.5964191780266,-263.5964162383301,21754.639036880188,21754.63734163872,21754.638139867384,1.6762162933295554e-07,1807.5628166265124,1714.4030216440863,1740.3710511893905,71.96455968109493
51,100,10,1,random,gradient,True,True,496.0989264259009,0.0002990498762238758,0.47735607543533404,-0.47705702555911017,7.74949133102861,2.1208849751054553,4.96098926425901,1.1265020166418755,55.25356741483021,45.6340407891476,49.6098926425901,10.953032968428277,100,10,1,random,gradient,True,True,496.0989264259009,2.155875279186148e-09,0.6087534078001682,-0.6087534056442929,5.971581995743892,5.970843111613116,5.97118409529473,2.204794040828956e-08,91.04770242658412,29.265191594354203,59.711840952947306,278.49548640707354
52,400,500,400,random,gradient,True,True,324805.20009788126,2383.7656657120833,-813991.2181240831,816374.9837897952,829.0359005190531,794.5594762730088,812.013000244703,40.28385487421775,1099.2597309077307,199.84416030468736,649.6104001957624,64543.85205741884,400,500,400,random,gradient,True,True,324805.20009788126,1.558312401175499e-05,255.05018811377383,-255.0501725306498,22253.14966215662,22253.132940610885,22253.14011379057,2.0711064884922785e-05,1801.6868468389625,1692.9862506363843,1780.2512091032454,66.07410972172082
53,400,100,80,random,gradient,True,True,29071.9726587051,22.525189135297843,-33585.3547692236,33607.8799583589,79.41402190182124,63.99496489528189,72.67993164676275,8.39100836470191,371.3489741250279,210.3051505307155,290.719726587051,2053.8783091807813,400,100,80,random,gradient,True,True,29071.9726587051,2.5512148567941042e-08,11.91633440374799,-11.916334378235842,4148.185292142887,4148.185262651023,4148.1852798267,5.3402230822106156e-11,1678.4109991473501,1630.1649803898515,1659.27411193068,83.71702517597711
54,400,50,40,random,gradient,True,True,12406.584019203374,2.992999657270575,-8577.973408711727,8580.966408368997,36.91348044948799,23.608660330614214,31.01646004800843,3.8905544216503087,291.7670745603126,203.6310166201224,248.13168038406744,616.0893956729201,400,50,40,random,gradient,True,True,12406.584019203374,7.315859311347595e-07,3.1125572629709852,-3.1125565313850543,1927.4917480162646,1927.4863342236572,1927.488681297368,2.024138334080614e-06,1596.0568678640345,1498.8231159761137,1541.9909450378943,219.33293906899672
55,400,10,1,random,gradient,True,True,2137.4424413410425,0.03334070254413575,-433.7223348345559,433.75567553710005,8.139169349765734,2.7397677837742775,5.343606103352607,0.8778717204331133,223.1558354782928,197.9733287482823,213.74424413410432,66.37869271331806,400,10,1,random,gradient,True,True,2137.4424413410425,1.109442348479206e-08,0.21390782806833017,-0.21390781697390668,303.45092098928495,303.45078215496096,303.45085275339466,1.5542655111462944e-09,1228.589594408278,1183.1193230585427,1213.8034110135786,176.65189211548397
56,500,100,80,random,gradient,True,True,40548.7672266979,31.25510570040618,-61885.14069362486,61916.39579932527,88.56046914185069,72.00897911001069,81.0975344533958,7.535783979300584,555.9818964533275,255.92568478980937,405.48767226697896,6657.391787427795,500,100,80,random,gradient,True,True,40548.7672266979,6.212490843608976e-07,14.391051403982035,-14.39105078273295,5651.91896476141,5651.917586853163,5651.91841300761,1.0213563671100411e-07,2869.7672788800264,2797.534832641458,2825.959206503805,182.10313613954142
57,400,30,24,random,gradient,True,True,6919.388250013592,0.6951857706016599,-3191.739255196035,3192.434440966637,22.65426107165307,13.294239555738422,17.29847062503398,2.515177738013127,251.43231690414373,203.94203776361348,230.64627500045307,165.17282062309735,400,30,24,random,gradient,True,True,6919.388250013592,6.913597326274613e-08,1.2029494353359456,-1.2029493661999724,1064.4216147663724,1064.4212080916423,1064.4213710625836,1.1932639193669468e-08,1469.8211648302865,1390.8318361348668,1419.2284947501116,249.51586150687976
58,500,100,10,random,gradient,True,True,40006.58727898376,30.327782552730998,-59309.11759450453,59339.445377057265,88.49880545972351,70.886447243178,80.01317455796753,8.068509471235217,525.9949552581974,260.90673150997765,400.06587278983767,6056.395305266423,500,100,10,random,gradient,True,True,40006.58727898376,3.1961905187927187e-07,14.745481351925497,-14.745481032306445,5445.60266759733,5445.601879128606,5445.602290084331,4.184585839075032e-08,2749.0944603769763,2664.8698947364687,2722.8011450421654,106.79770303902642
59,500,500,400,random,gradient,True,True,501820.57651690335,3230.1389600582943,-1470974.256568832,1474204.3955288904,1022.2698958410446,984.6680301640632,1003.6411530338067,39.49813448192798,1734.6239625300436,256.45992455438994,1003.6411530338067,181624.174199484,500,500,400,random,gradient,True,True,501820.57651690335,5.317484028637409e-07,324.17886581237906,-324.17886528063065,29749.711365122297,29749.71120117666,29749.711285040517,1.6369601861676548e-09,3006.0759700101835,2939.419525408828,2974.9711285040516,84.69877235498127
